{
  "COMMON-INFO": {
  "username": "953a8e73-5487-40a2-a617-237070482e20",
  "api_token": "115b77a40d918f4969a860e5afa025722a"
  },
  "SMART-2017": {
    "NODE_TYPE": "Both",
    "BRANCH": "develop",
    "GIT_REPO_URL": "git@github.com:eagleinvsys-sd/sd-core-17.git",
    "ENV": "r17-a001-ww01",
    "CONCURRENT_TESTS": "150",
    "STAGE_TO_EXECUTE": "All",
    "REFRESH_BRANCH": "Clean",
    "SKIP_SANITY_CHECK_STEP": "false",
    "jenkins_url": "https://jenkins-sd.engops.az.eagleinvsys.com/job/Regression/job/SMART"
  },
  "WASHSALES-2017": {
    "NODE_TYPE": "Both",
    "BRANCH": "develop",
    "GIT_REPO_URL": "git@github.com:eagleinvsys-sd/sd-core-17.git",
    "ENV": "r17-a002-ww01",
    "CONCURRENT_TESTS": "150",
    "STAGE_TO_EXECUTE": "All",
    "REFRESH_BRANCH": "Clean",
    "SKIP_SANITY_CHECK_STEP": "false",
    "jenkins_url": "https://jenkins-sd.engops.az.eagleinvsys.com/job/Regression/job/SMART"
  },
  "SMART HUB": {
    "NODE_TYPE": "Both",
    "BRANCH": "develop",
    "GIT_REPO_URL": "git@github.com:eagleinvsys-sd/sd-core-17.git",
    "ENV": "r17-a003-ww01",
    "CONCURRENT_TESTS": "150",
    "STAGE_TO_EXECUTE": "All",
    "REFRESH_BRANCH": "Clean",
    "SKIP_SANITY_CHECK_STEP": "false",
    "jenkins_url": "https://jenkins-sd.engops.az.eagleinvsys.com/job/Regression/job/SMART"
  },
  "DMFARM-2017": {
    "NODE_TYPE": "Both",
    "BRANCH": "develop",
    "GIT_REPO_URL": "git@github.com:eagleinvsys-sd/sd-core-17.git",
    "ENV": "r17-f001-ww01",
    "CONCURRENT_TESTS": "150",
    "STAGE_TO_EXECUTE": "All",
    "REFRESH_BRANCH": "Clean",
    "SKIP_SANITY_CHECK_STEP": "false",
    "jenkins_url": "https://jenkins-sd.engops.az.eagleinvsys.com/job/Regression/job/DMFARM"
  },
  "PERF-FARM-2017": {
    "NODE_TYPE": "Both",
    "BRANCH": "develop",
    "GIT_REPO_URL": "git@github.com:eagleinvsys-sd/sd-core-17.git",
    "ENV": "r17-r001-ww01",
    "E2E_RUN_OPTIONS": "tags=(@PERFFARM or @group:Preprocess)",
    "CONCURRENT_TESTS": "1",
    "STAGE_TO_EXECUTE": "All",
    "REFRESH_BRANCH": "Clean",
    "SKIP_SANITY_CHECK_STEP": "false",
    "jenkins_url": "https://jenkins-sd.engops.az.eagleinvsys.com/job/Regression/job/PERFFARM"
  },
  "EARTH-2017": {
    "NODE_TYPE": "Both",
    "BRANCH": "develop",
    "GIT_REPO_URL": "git@github.com:eagleinvsys-sd/sd-core-17.git",
    "ENV": "o171-i003-ww01",
    "CONCURRENT_TESTS": "1",
    "STAGE_TO_EXECUTE": "All",
    "REFRESH_BRANCH": "Clean",
    "SKIP_SANITY_CHECK_STEP": "false",
    "jenkins_url": "https://jenkins-sd.engops.az.eagleinvsys.com/job/Fresh_Install/job/EARTH"
  },
  "R2.53-CST": {
    "NODE_TYPE": "Both",
    "BRANCH": "rel-17r2.53_cst",
    "GIT_REPO_URL": "git@github.com:eagleinvsys-sd/sd-core-17.git",
    "ENV": "r17-a007-ww01",
    "CONCURRENT_TESTS": "150",
    "STAGE_TO_EXECUTE": "All",
    "REFRESH_BRANCH": "Clean",
    "SKIP_SANITY_CHECK_STEP": "false",
    "jenkins_url": "https://jenkins-sd.engops.az.eagleinvsys.com/job/Regression/job/CST-Releases"
  },
  "R2.51-CST": {
    "NODE_TYPE": "Both",
    "BRANCH": "rel-17r2.51_cst",
    "GIT_REPO_URL": "git@github.com:eagleinvsys-sd/sd-core-17.git",
    "ENV": "r17-a006-ww01",
    "CONCURRENT_TESTS": "150",
    "STAGE_TO_EXECUTE": "All",
    "REFRESH_BRANCH": "Clean",
    "SKIP_SANITY_CHECK_STEP": "true",
    "jenkins_url": "https://jenkins-sd.engops.az.eagleinvsys.com/job/Regression/job/CST-Releases"
  },
  "R2.54-CST": {
    "NODE_TYPE": "Both",
    "BRANCH": "rel-17r2.54_cst",
    "GIT_REPO_URL": "git@github.com:eagleinvsys-sd/sd-core-17.git",
    "ENV": "r17-a008-ww01",
    "CONCURRENT_TESTS": "150",
    "STAGE_TO_EXECUTE": "All",
    "REFRESH_BRANCH": "Clean",
    "SKIP_SANITY_CHECK_STEP": "false",
    "jenkins_url": "https://jenkins-sd.engops.az.eagleinvsys.com/job/Regression/job/CST-Releases"
  },
  "R2.55-CST": {
    "NODE_TYPE": "Both",
    "BRANCH": "rel-17r2.55_cst",
    "GIT_REPO_URL": "git@github.com:eagleinvsys-sd/sd-core-17.git",
    "ENV": "r17-e001-ww01",
    "CONCURRENT_TESTS": "150",
    "STAGE_TO_EXECUTE": "All",
    "REFRESH_BRANCH": "Clean",
    "SKIP_SANITY_CHECK_STEP": "false",
    "jenkins_url": "https://jenkins-sd.engops.az.eagleinvsys.com/job/Regression/job/CST-Releases"
  },
   "RHEL9_Win2022-SMART": {
    "NODE_TYPE": "Both",
    "BRANCH": "develop",
    "GIT_REPO_URL": "git@github.com:eagleinvsys-sd/sd-core-17.git",
    "ENV": "o171-s041-ww01",
    "CONCURRENT_TESTS": "150",
    "STAGE_TO_EXECUTE": "All",
    "REFRESH_BRANCH": "Clean",
    "SKIP_SANITY_CHECK_STEP": "false",
    "jenkins_url": "https://jenkins-sd.engops.az.eagleinvsys.com/job/Regression/job/PlatformRoadmap"
  }
}
