Stages,Scenarios,Passed,Failed,Skipped
E2E Cucumber Report - PDC FARM - Sequential,28,27,1,0
E2E Cucumber Report - Post-Process - PDC,875,557,318,0
E2E Cucumber Report - RDC Securities - Sequential,129,123,6,0
E2E Cucumber Report - SanityCheck,6,6,0,0
E2E Cucumber Report - Preprocess - PortfolioDataCenter,0,0,0,0
E2E Cucumber Report - RDC Prices FARM - Sequential,86,78,8,0
E2E Cucumber Report - Post-Process - RDC,0,0,0,0
E2E Cucumber Report - Automation Center AC API,69,28,28,13
E2E Cucumber Report - Automation Center DMFARM,0,0,0,0
E2E Cucumber Report - BPC FARM - Sequential,13,9,4,0
E2E Cucumber Report - Automation Center DOD,154,67,87,0
E2E Cucumber Report - Preprocess - RDC,0,0,0,0
E2E-JUnit-Report PDC_JUnit Parallel,104,103,1,0
E2E-JUnit-Report SanityCheck,0,0,0,0
