Stages,Scenarios,Passed,Failed,Skipped
E2E Cucumber Report - BPC FARM - Sequential,13,7,6,0
E2E Cucumber Report - SanityCheck,6,6,0,0
E2E Cucumber Report - Preprocess - PortfolioDataCenter,0,0,0,0
E2E Cucumber Report - Preprocess - RDC,0,0,0,0
E2E Cucumber Report - RDC Securities - Sequential,129,111,18,0
E2E Cucumber Report - PDC FARM - Sequential,28,0,28,0
E2E Cucumber Report - Post-Process - PDC,0,0,0,0
E2E Cucumber Report - RDC Prices FARM - Sequential,86,20,66,0
E2E Cucumber Report - Automation Center DMFARM,0,0,0,0
E2E Cucumber Report - Automation Center DOD,0,0,0,0
E2E Cucumber Report - Automation Center AC API,0,0,0,0
E2E-JUnit-Report PDC_JUnit Parallel,104,103,1,0
E2E-JUnit-Report SanityCheck,0,0,0,0
