Stages,Scenarios,Passed,Failed,Skipped
E2E Cucumber Report - Performance-Fresh,1702,1265,437,0
E2E Cucumber Report - SanityCheck,6,6,0,0
E2E Cucumber Report - ACEARTH,92,87,5,0
E2E Cucumber Report - User Manager,5,5,0,0
E2E Cucumber Report - GenericInterfaces - Sequential,197,1,194,2
E2E Cucumber Report - GenericInterfaces - Parallel,36,0,35,1
E2E Cucumber Report - Performance-FARM,1211,1098,113,0
E2E Cucumber Report - Performance-Fresh2,1578,1562,16,0
E2E-JUnit-Report ACEARTH,3,3,0,0
E2E-JUnit-Report Performance-FARM,0,0,0,0
E2E-JUnit-Report Performance-Fresh,380,288,92,0
E2E-JUnit-Report Performance-Fresh2,0,0,0,0
E2E-JUnit-Report SanityCheck,0,0,0,0
E2E-JUnit-Report User_Manager,213,204,4,5
