Stages,Scenarios,Passed,Failed,Skipped
E2E Cucumber Report - Performance-FARM,1211,1116,95,0
E2E Cucumber Report - User Manager,5,5,0,0
E2E Cucumber Report - ACEARTH,0,0,0,0
E2E Cucumber Report - Performance-Fresh2,1578,1566,12,0
E2E Cucumber Report - Performance-Fresh,1700,1325,375,0
E2E Cucumber Report - GenericInterfaces - Parallel,36,7,28,1
E2E Cucumber Report - SanityCheck,6,6,0,0
E2E Cucumber Report - GenericInterfaces - Sequential,0,0,0,0
E2E-JUnit-Report ACEARTH,3,3,0,0
E2E-JUnit-Report Performance-FARM,0,0,0,0
E2E-JUnit-Report Performance-Fresh,380,288,92,0
E2E-JUnit-Report Performance-Fresh2,0,0,0,0
E2E-JUnit-Report SanityCheck,0,0,0,0
E2E-JUnit-Report User_Manager,262,254,1,7
