Stages,Scenarios,Passed,Failed,Skipped
E2E Cucumber Report - PerfAnalysis - Sequential,5,4,1,0
E2E Cucumber Report - Perfcenter - Parallel - BDD,7,1,6,0
E2E Cucumber Report - PerfAnalysis - Parallel - BDD,18,13,5,0
E2E Cucumber Report - Post-Process,1614,1604,10,0
E2E Cucumber Report - Perfcenter-SlowRunning - Sequential,0,0,0,0
E2E Cucumber Report - GipsRtlFundsApi - Sequential,0,0,0,0
E2E Cucumber Report - PerfAnalysis-SlowRunning - Parallel,0,0,0,0
E2E Cucumber Report - GipsRtlFundsApi - Parallel - BDD,1,1,0,0
E2E Cucumber Report - Preprocess-GipsRtlFundsApi,1,1,0,0
E2E Cucumber Report - Preprocess-PerfAnalysis,1,1,0,0
E2E Cucumber Report - Preprocess-Perfcenter,1,1,0,0
E2E Cucumber Report - GipsRtlFundsApi-SlowRunning - Parallel,0,0,0,0
E2E Cucumber Report - PerfAnalysis-SlowRunning - Sequential,0,0,0,0
E2E Cucumber Report - GipsRtlFundsApi-SlowRunning - Sequential,0,0,0,0
E2E Cucumber Report - SanityCheck,6,6,0,0
E2E Cucumber Report - Perfcenter - Sequential,3,2,1,0
E2E Cucumber Report - Perfcenter-SlowRunning - Parallel,3,1,2,0
E2E-JUnit-Report GipsRtlFundsApi Parallel Junit,380,110,270,0
E2E-JUnit-Report PerfAnalysis Parallel BDD,1,0,1,0
E2E-JUnit-Report PerfAnalysis Parallel Junit,25,23,2,0
E2E-JUnit-Report Perfcenter Parallel BDD,1,0,1,0
E2E-JUnit-Report Perfcenter Parallel Junit,229,13,216,0
E2E-JUnit-Report SanityCheck,0,0,0,0
