Stages,Scenarios,Passed,Failed,Skipped
E2E Cucumber Report - IncomeEngineering,2300,2198,59,43
E2E Cucumber Report - Workflow,2297,2241,43,13
E2E Cucumber Report - Accounting-P2,51,48,1,2
E2E Cucumber Report - TaxOptimizer,18,18,0,0
E2E Cucumber Report - Castaways-BigData,32,32,0,0
E2E Cucumber Report - SanityCheck,6,6,0,0
E2E Cucumber Report - Insurance-P1,19,19,0,0
E2E Cucumber Report - Post-Process,336,304,32,0
E2E Cucumber Report - Accounting-P3,28,27,0,1
E2E Cucumber Report - Preprocess,11,0,1,10
E2E Cucumber Report - Accounting - Reports,18,15,0,3
E2E Cucumber Report - Castaways,1889,1849,40,0
E2E Cucumber Report - Insurance-P2,91,90,1,0
E2E Cucumber Report - Accounting-P0,135,132,3,0
E2E Cucumber Report - Insurance-P3,9,6,3,0
E2E Cucumber Report - Accounting-P1,55,54,0,1
E2E Cucumber Report - Derivatives,1847,1771,36,40
E2E Cucumber Report - Praetorians,932,902,3,27
E2E Cucumber Report - Insurance-P0,0,0,0,0
E2E Cucumber Report - Insurance-P99,174,151,23,0
E2E-JUnit-Report SanityCheck,0,0,0,0
