Stages,Scenarios,Passed,Failed,Skipped
E2E Cucumber Report - Insurance-P1,19,19,0,0
E2E Cucumber Report - SanityCheck,6,6,0,0
E2E Cucumber Report - Accounting-P0,135,132,3,0
E2E Cucumber Report - Insurance-P2,91,90,1,0
E2E Cucumber Report - Post-Process,336,301,35,0
E2E Cucumber Report - Preprocess,11,0,1,10
E2E Cucumber Report - IncomeEngineering,2300,2199,58,43
E2E Cucumber Report - Insurance-P3,9,6,3,0
E2E Cucumber Report - Workflow,2297,2232,52,13
E2E Cucumber Report - Derivatives,1847,1778,29,40
E2E Cucumber Report - Praetorians,933,905,1,27
E2E Cucumber Report - Accounting-P2,51,48,1,2
E2E Cucumber Report - Insurance-P99,174,150,24,0
E2E Cucumber Report - Accounting-P1,55,54,0,1
E2E Cucumber Report - Castaways,1888,1859,29,0
E2E Cucumber Report - Accounting-P3,28,27,0,1
E2E Cucumber Report - Accounting - Reports,18,15,0,3
E2E Cucumber Report - Insurance-P0,0,0,0,0
E2E Cucumber Report - TaxOptimizer,18,17,1,0
E2E Cucumber Report - Castaways-BigData,32,32,0,0
E2E-JUnit-Report SanityCheck,0,0,0,0
