Stages,Scenarios,Passed,Failed,Skipped
E2E Cucumber Report - IncomeEngineering,2299,2077,179,43
E2E Cucumber Report - Castaways,1889,1675,214,0
E2E Cucumber Report - Accounting-P3,28,27,0,1
E2E Cucumber Report - Insurance-P0,0,0,0,0
E2E Cucumber Report - TaxOptimizer,18,18,0,0
E2E Cucumber Report - Preprocess,11,0,1,10
E2E Cucumber Report - Accounting-P1,55,53,1,1
E2E Cucumber Report - Insurance-P3,9,6,3,0
E2E Cucumber Report - Insurance-P1,19,19,0,0
E2E Cucumber Report - Post-Process,337,231,106,0
E2E Cucumber Report - Praetorians,944,865,52,27
E2E Cucumber Report - Insurance-P99,175,147,28,0
E2E Cucumber Report - Accounting - Reports,18,15,0,3
E2E Cucumber Report - Castaways-BigData,32,32,0,0
E2E Cucumber Report - Insurance-P2,92,87,5,0
E2E Cucumber Report - Accounting-P2,51,36,13,2
E2E Cucumber Report - Derivatives,1865,1740,85,40
E2E Cucumber Report - Workflow,2335,1869,453,13
E2E Cucumber Report - Accounting-P0,123,96,27,0
