Stages,Scenarios,Passed,Failed,Skipped
E2E Cucumber Report - Castaways,1733,1725,4,4
E2E Cucumber Report - Castaways-BigData,32,32,0,0
E2E Cucumber Report - IncomeEngineering,2287,2218,26,43
E2E Cucumber Report - Praetorians,932,899,2,31
E2E Cucumber Report - Insurance-P2,87,86,1,0
E2E Cucumber Report - Accounting-P3,27,26,0,1
E2E Cucumber Report - Post-Process,304,278,26,0
E2E Cucumber Report - Insurance-P1,19,19,0,0
E2E Cucumber Report - Insurance-P3,9,6,3,0
E2E Cucumber Report - Accounting-P2,50,48,0,2
E2E Cucumber Report - Preprocess,7,0,1,6
E2E Cucumber Report - Insurance-P99,169,128,41,0
E2E Cucumber Report - Accounting-P0,106,104,2,0
E2E Cucumber Report - TaxOptimizer,18,18,0,0
E2E Cucumber Report - Insurance-P0,0,0,0,0
E2E Cucumber Report - Accounting-P1,46,45,0,1
E2E Cucumber Report - Workflow,2072,2011,48,13
E2E Cucumber Report - Accounting - Reports,18,14,1,3
E2E Cucumber Report - Derivatives,1808,1742,26,40
