Stages,Scenarios,Passed,Failed,Skipped
E2E Cucumber Report - Workflow,0,0,0,0
E2E Cucumber Report - Post-Process,0,0,0,0
E2E Cucumber Report - SanityCheck,6,6,0,0
E2E Cucumber Report - Derivatives,1838,1741,57,40
E2E Cucumber Report - Accounting-P0,0,0,0,0
E2E Cucumber Report - Accounting-P3,0,0,0,0
E2E Cucumber Report - Insurance-P2,91,87,4,0
E2E Cucumber Report - Castaways,0,0,0,0
E2E Cucumber Report - Praetorians,929,898,4,27
E2E Cucumber Report - IncomeEngineering,2296,2212,41,43
E2E Cucumber Report - Insurance-P3,9,6,3,0
E2E Cucumber Report - Preprocess,0,0,0,0
E2E Cucumber Report - Accounting-P2,0,0,0,0
E2E Cucumber Report - Castaways-BigData,32,32,0,0
E2E Cucumber Report - Insurance-P99,174,159,15,0
E2E Cucumber Report - Accounting - Reports,0,0,0,0
E2E Cucumber Report - Insurance-P1,19,19,0,0
E2E Cucumber Report - TaxOptimizer,18,17,1,0
E2E Cucumber Report - Insurance-P0,0,0,0,0
E2E Cucumber Report - Accounting-P1,0,0,0,0
E2E-JUnit-Report SanityCheck,0,0,0,0
