Stages,Scenarios,Passed,Failed,Skipped
E2E Cucumber Report - Accounting-P3,27,26,0,1
E2E Cucumber Report - IncomeEngineering,2292,2220,29,43
E2E Cucumber Report - Insurance-P0,0,0,0,0
E2E Cucumber Report - Accounting-P1,52,50,1,1
E2E Cucumber Report - TaxOptimizer,18,18,0,0
E2E Cucumber Report - Castaways-BigData,32,32,0,0
E2E Cucumber Report - Accounting - Reports,18,14,1,3
E2E Cucumber Report - Workflow,2108,1968,127,13
E2E Cucumber Report - Insurance-P2,90,87,3,0
E2E Cucumber Report - Insurance-P1,19,19,0,0
E2E Cucumber Report - Castaways,1770,1757,10,3
E2E Cucumber Report - Preprocess,9,0,1,8
E2E Cucumber Report - Insurance-P99,173,156,17,0
E2E Cucumber Report - Accounting-P2,50,46,2,2
E2E Cucumber Report - Post-Process,324,303,19,2
E2E Cucumber Report - Accounting-P0,125,119,5,1
E2E Cucumber Report - Derivatives,1825,1761,24,40
E2E Cucumber Report - Praetorians,924,892,5,27
E2E Cucumber Report - Insurance-P3,9,6,3,0
E2E Cucumber Report - SanityCheck,6,6,0,0
E2E-JUnit-Report SanityCheck,0,0,0,0
