Stages,Scenarios,Passed,Failed,Skipped
E2E Cucumber Report - Insurance-P3,9,6,3,0
E2E Cucumber Report - Accounting-P2,51,36,13,2
E2E Cucumber Report - Preprocess,11,0,1,10
E2E Cucumber Report - Derivatives,1866,1734,92,40
E2E Cucumber Report - IncomeEngineering,2299,2079,177,43
E2E Cucumber Report - Insurance-P0,0,0,0,0
E2E Cucumber Report - Insurance-P1,19,19,0,0
E2E Cucumber Report - Castaways,1889,1673,216,0
E2E Cucumber Report - Praetorians,945,863,55,27
E2E Cucumber Report - Accounting-P1,55,53,1,1
E2E Cucumber Report - Castaways-BigData,32,32,0,0
E2E Cucumber Report - TaxOptimizer,18,18,0,0
E2E Cucumber Report - Accounting-P3,28,27,0,1
E2E Cucumber Report - Workflow,2358,1870,475,13
E2E Cucumber Report - Insurance-P99,175,151,24,0
E2E Cucumber Report - Accounting-P0,123,96,27,0
E2E Cucumber Report - Insurance-P2,92,88,4,0
E2E Cucumber Report - Post-Process,337,245,92,0
E2E Cucumber Report - Accounting - Reports,18,14,1,3
