Stages,Scenarios,Passed,Failed,Skipped
E2E Cucumber Report - Insurance-P0,0,0,0,0
E2E Cucumber Report - Workflow,2267,2191,63,13
E2E Cucumber Report - Accounting-P0,128,119,9,0
E2E Cucumber Report - Accounting - Reports,18,14,1,3
E2E Cucumber Report - IncomeEngineering,2297,2218,36,43
E2E Cucumber Report - Post-Process,332,296,36,0
E2E Cucumber Report - Accounting-P1,54,52,1,1
E2E Cucumber Report - SanityCheck,6,6,0,0
E2E Cucumber Report - Preprocess,10,0,1,9
E2E Cucumber Report - Insurance-P1,19,19,0,0
E2E Cucumber Report - Insurance-P99,174,158,16,0
E2E Cucumber Report - Insurance-P3,9,6,3,0
E2E Cucumber Report - Accounting-P2,51,44,5,2
E2E Cucumber Report - Praetorians,929,899,3,27
E2E Cucumber Report - Castaways,1772,1763,9,0
E2E Cucumber Report - Insurance-P2,91,87,4,0
E2E Cucumber Report - TaxOptimizer,18,18,0,0
E2E Cucumber Report - Accounting-P3,28,27,0,1
E2E Cucumber Report - Derivatives,1838,1679,119,40
E2E Cucumber Report - Castaways-BigData,32,32,0,0
E2E-JUnit-Report SanityCheck,0,0,0,0
