Stages,Scenarios,Passed,Failed,Skipped
E2E Cucumber Report - IncomeEngineering,2301,2206,52,43
E2E Cucumber Report - Castaways,1967,1868,99,0
E2E Cucumber Report - Insurance-P0,0,0,0,0
E2E Cucumber Report - Derivatives,1868,1762,66,40
E2E Cucumber Report - Accounting-P0,123,118,5,0
E2E Cucumber Report - Accounting - Reports,18,13,2,3
E2E Cucumber Report - Accounting-P3,28,27,0,1
E2E Cucumber Report - Insurance-P99,175,136,39,0
E2E Cucumber Report - Post-Process,337,259,78,0
E2E Cucumber Report - Accounting-P2,51,46,3,2
E2E Cucumber Report - Workflow,2489,2292,184,13
E2E Cucumber Report - Accounting-P1,55,53,1,1
E2E Cucumber Report - Insurance-P1,19,19,0,0
E2E Cucumber Report - Insurance-P3,9,6,2,1
E2E Cucumber Report - TaxOptimizer,18,18,0,0
E2E Cucumber Report - Preprocess,12,0,1,11
E2E Cucumber Report - Insurance-P2,92,73,19,0
E2E Cucumber Report - Castaways-BigData,32,32,0,0
E2E Cucumber Report - Praetorians,948,910,11,27
E2E Cucumber Report - SanityCheck,6,6,0,0
E2E-JUnit-Report SanityCheck,0,0,0,0
