Stages,Scenarios,Passed,Failed,Skipped
E2E Cucumber Report - Castaways,1967,1937,30,0
E2E Cucumber Report - Preprocess,12,0,1,11
E2E Cucumber Report - Castaways-BigData,32,0,32,0
E2E Cucumber Report - Insurance-P1,19,19,0,0
E2E Cucumber Report - Accounting - Reports,18,14,1,3
E2E Cucumber Report - Insurance-P2,92,79,13,0
E2E Cucumber Report - Workflow,2489,2306,170,13
E2E Cucumber Report - TaxOptimizer,18,18,0,0
E2E Cucumber Report - Accounting-P2,51,48,1,2
E2E Cucumber Report - Post-Process,337,275,62,0
E2E Cucumber Report - IncomeEngineering,2301,2233,25,43
E2E Cucumber Report - Praetorians,948,910,11,27
E2E Cucumber Report - SanityCheck,6,6,0,0
E2E Cucumber Report - Derivatives,1868,1803,25,40
E2E Cucumber Report - Accounting-P1,55,54,0,1
E2E Cucumber Report - Accounting-P0,123,120,3,0
E2E Cucumber Report - Insurance-P0,0,0,0,0
E2E Cucumber Report - Accounting-P3,28,27,0,1
E2E Cucumber Report - Insurance-P3,9,5,3,1
E2E Cucumber Report - Insurance-P99,175,134,41,0
E2E-JUnit-Report SanityCheck,0,0,0,0
