Stages,Scenarios,Passed,Failed,Skipped
E2E Cucumber Report - Preprocess,11,0,1,10
E2E Cucumber Report - IncomeEngineering,2299,2211,45,43
E2E Cucumber Report - Accounting-P1,55,54,0,1
E2E Cucumber Report - Castaways-BigData,32,32,0,0
E2E Cucumber Report - Castaways,1889,1885,4,0
E2E Cucumber Report - Insurance-P0,0,0,0,0
E2E Cucumber Report - Accounting-P2,51,47,2,2
E2E Cucumber Report - Accounting-P3,28,27,0,1
E2E Cucumber Report - Workflow,2358,2274,71,13
E2E Cucumber Report - Accounting-P0,123,120,3,0
E2E Cucumber Report - Derivatives,1866,1799,27,40
E2E Cucumber Report - Insurance-P1,19,19,0,0
E2E Cucumber Report - SanityCheck,6,6,0,0
E2E Cucumber Report - Post-Process,337,301,36,0
E2E Cucumber Report - Insurance-P99,175,153,22,0
E2E Cucumber Report - Accounting - Reports,18,14,1,3
E2E Cucumber Report - Praetorians,945,913,5,27
E2E Cucumber Report - Insurance-P3,9,6,3,0
E2E Cucumber Report - Insurance-P2,92,92,0,0
E2E Cucumber Report - TaxOptimizer,18,16,2,0
E2E-JUnit-Report SanityCheck,0,0,0,0
