Stages,Scenarios,Passed,Failed,Skipped
E2E Cucumber Report - Post-Process,337,306,31,0
E2E Cucumber Report - Castaways-BigData,32,32,0,0
E2E Cucumber Report - Castaways,1889,1886,3,0
E2E Cucumber Report - Insurance-P0,0,0,0,0
E2E Cucumber Report - Accounting-P3,28,27,0,1
E2E Cucumber Report - Accounting-P0,123,121,2,0
E2E Cucumber Report - Praetorians,945,916,2,27
E2E Cucumber Report - Insurance-P3,9,6,2,1
E2E Cucumber Report - Workflow,2358,2296,49,13
E2E Cucumber Report - Insurance-P2,92,92,0,0
E2E Cucumber Report - IncomeEngineering,2299,2218,38,43
E2E Cucumber Report - Derivatives,1866,1811,15,40
E2E Cucumber Report - Insurance-P99,175,168,7,0
E2E Cucumber Report - Accounting-P2,51,47,2,2
E2E Cucumber Report - Preprocess,11,0,1,10
E2E Cucumber Report - Accounting - Reports,18,14,1,3
E2E Cucumber Report - Accounting-P1,55,54,0,1
E2E Cucumber Report - SanityCheck,6,6,0,0
E2E Cucumber Report - Insurance-P1,19,19,0,0
E2E Cucumber Report - TaxOptimizer,18,18,0,0
E2E-JUnit-Report SanityCheck,0,0,0,0
