Stages,Scenarios,Passed,Failed,Skipped
E2E Cucumber Report - Accounting - Reports,18,15,0,3
E2E Cucumber Report - Insurance-P2,92,92,0,0
E2E Cucumber Report - Insurance-P0,0,0,0,0
E2E Cucumber Report - Accounting-P2,51,47,2,2
E2E Cucumber Report - Castaways-BigData,32,32,0,0
E2E Cucumber Report - Preprocess,11,0,1,10
E2E Cucumber Report - Accounting-P0,120,116,4,0
E2E Cucumber Report - Castaways,1834,1821,13,0
E2E Cucumber Report - Praetorians,944,913,4,27
E2E Cucumber Report - TaxOptimizer,18,18,0,0
E2E Cucumber Report - Post-Process,337,254,83,0
E2E Cucumber Report - Accounting-P3,28,27,0,1
E2E Cucumber Report - Workflow,2308,2031,264,13
E2E Cucumber Report - Insurance-P1,19,19,0,0
E2E Cucumber Report - Accounting-P1,55,54,0,1
E2E Cucumber Report - SanityCheck,6,6,0,0
E2E Cucumber Report - IncomeEngineering,2299,2229,27,43
E2E Cucumber Report - Insurance-P3,9,6,3,0
E2E Cucumber Report - Insurance-P99,175,153,22,0
E2E Cucumber Report - Derivatives,1865,1679,146,40
E2E-JUnit-Report SanityCheck,0,0,0,0
