Stages,Scenarios,Passed,Failed,Skipped
E2E Cucumber Report - Accounting-P1,55,54,0,1
E2E Cucumber Report - Accounting-P2,51,48,1,2
E2E Cucumber Report - Preprocess,12,0,1,11
E2E Cucumber Report - Insurance-P3,9,6,2,1
E2E Cucumber Report - Accounting-P3,28,27,0,1
E2E Cucumber Report - Accounting-P0,123,120,3,0
E2E Cucumber Report - Insurance-P2,92,92,0,0
E2E Cucumber Report - Castaways-BigData,32,0,32,0
E2E Cucumber Report - TaxOptimizer,18,18,0,0
E2E Cucumber Report - Castaways,1967,1962,5,0
E2E Cucumber Report - Post-Process,337,313,24,0
E2E Cucumber Report - Praetorians,948,919,2,27
E2E Cucumber Report - Insurance-P99,175,164,11,0
E2E Cucumber Report - SanityCheck,6,6,0,0
E2E Cucumber Report - Insurance-P0,0,0,0,0
E2E Cucumber Report - Workflow,2531,2446,72,13
E2E Cucumber Report - IncomeEngineering,2301,2222,36,43
E2E Cucumber Report - Insurance-P1,19,19,0,0
E2E Cucumber Report - Accounting - Reports,18,14,1,3
E2E Cucumber Report - Derivatives,1868,1807,21,40
E2E-JUnit-Report SanityCheck,0,0,0,0
