Stages,Scenarios,Passed,Failed,Skipped
E2E Cucumber Report - Castaways,0,0,0,0
E2E Cucumber Report - Insurance-P3,9,6,2,1
E2E Cucumber Report - Praetorians,945,917,1,27
E2E Cucumber Report - Accounting-P3,0,0,0,0
E2E Cucumber Report - Accounting-P1,0,0,0,0
E2E Cucumber Report - Accounting-P2,0,0,0,0
E2E Cucumber Report - Derivatives,1866,1803,23,40
E2E Cucumber Report - Accounting-P0,0,0,0,0
E2E Cucumber Report - Insurance-P2,92,92,0,0
E2E Cucumber Report - Post-Process,0,0,0,0
E2E Cucumber Report - SanityCheck,6,6,0,0
E2E Cucumber Report - Preprocess,0,0,0,0
E2E Cucumber Report - TaxOptimizer,18,18,0,0
E2E Cucumber Report - Accounting - Reports,0,0,0,0
E2E Cucumber Report - Insurance-P0,0,0,0,0
E2E Cucumber Report - IncomeEngineering,2299,2190,66,43
E2E Cucumber Report - Insurance-P99,175,168,7,0
E2E Cucumber Report - Castaways-BigData,32,0,32,0
E2E Cucumber Report - Workflow,0,0,0,0
E2E Cucumber Report - Insurance-P1,19,19,0,0
E2E-JUnit-Report SanityCheck,0,0,0,0
