Stages,Scenarios,Passed,Failed,Skipped
E2E Cucumber Report - Castaways-BigData,32,0,32,0
E2E Cucumber Report - Insurance-P3,9,6,2,1
E2E Cucumber Report - Workflow,2478,2334,131,13
E2E Cucumber Report - Accounting-P0,123,118,5,0
E2E Cucumber Report - Post-Process,337,299,38,0
E2E Cucumber Report - Praetorians,945,894,24,27
E2E Cucumber Report - Insurance-P99,175,159,16,0
E2E Cucumber Report - Accounting-P2,51,46,3,2
E2E Cucumber Report - Derivatives,1866,1762,64,40
E2E Cucumber Report - Accounting - Reports,18,12,3,3
E2E Cucumber Report - Insurance-P1,19,19,0,0
E2E Cucumber Report - Accounting-P1,55,54,0,1
E2E Cucumber Report - IncomeEngineering,2301,2213,45,43
E2E Cucumber Report - TaxOptimizer,18,11,7,0
E2E Cucumber Report - Insurance-P2,92,91,1,0
E2E Cucumber Report - SanityCheck,6,6,0,0
E2E Cucumber Report - Castaways,1967,1914,53,0
E2E Cucumber Report - Insurance-P0,0,0,0,0
E2E Cucumber Report - Preprocess,12,0,1,11
E2E Cucumber Report - Accounting-P3,28,27,0,1
E2E-JUnit-Report SanityCheck,0,0,0,0
