Stages,Scenarios,Passed,Failed,Skipped
E2E Cucumber Report - Castaways-BigData,32,28,4,0
E2E Cucumber Report - Accounting-P1,55,54,0,1
E2E Cucumber Report - TaxOptimizer,18,18,0,0
E2E Cucumber Report - Castaways,1889,1884,5,0
E2E Cucumber Report - Praetorians,945,914,4,27
E2E Cucumber Report - Insurance-P2,92,91,1,0
E2E Cucumber Report - Preprocess,11,0,1,10
E2E Cucumber Report - Accounting-P3,28,27,0,1
E2E Cucumber Report - Insurance-P1,19,19,0,0
E2E Cucumber Report - Insurance-P3,9,6,3,0
E2E Cucumber Report - SanityCheck,6,6,0,0
E2E Cucumber Report - Derivatives,1866,1795,31,40
E2E Cucumber Report - Accounting-P0,123,120,3,0
E2E Cucumber Report - Accounting-P2,51,48,1,2
E2E Cucumber Report - IncomeEngineering,2299,2216,40,43
E2E Cucumber Report - Post-Process,337,307,30,0
E2E Cucumber Report - Insurance-P99,175,154,21,0
E2E Cucumber Report - Insurance-P0,0,0,0,0
E2E Cucumber Report - Workflow,2358,2285,60,13
E2E Cucumber Report - Accounting - Reports,18,14,1,3
E2E-JUnit-Report SanityCheck,0,0,0,0
