Stages,Scenarios,Passed,Failed,Skipped
E2E Cucumber Report - Insurance-P99,175,166,9,0
E2E Cucumber Report - Accounting-P3,28,27,0,1
E2E Cucumber Report - Post-Process,337,304,33,0
E2E Cucumber Report - Accounting-P1,55,54,0,1
E2E Cucumber Report - Workflow,2478,2325,140,13
E2E Cucumber Report - Accounting-P2,51,48,1,2
E2E Cucumber Report - SanityCheck,6,6,0,0
E2E Cucumber Report - Insurance-P1,19,19,0,0
E2E Cucumber Report - Preprocess,12,0,1,11
E2E Cucumber Report - Castaways,1967,1900,67,0
E2E Cucumber Report - Insurance-P2,92,92,0,0
E2E Cucumber Report - IncomeEngineering,2301,2224,34,43
E2E Cucumber Report - Derivatives,1867,1808,19,40
E2E Cucumber Report - Accounting - Reports,18,13,2,3
E2E Cucumber Report - TaxOptimizer,18,17,1,0
E2E Cucumber Report - Praetorians,947,919,1,27
E2E Cucumber Report - Insurance-P3,9,6,2,1
E2E Cucumber Report - Accounting-P0,123,117,6,0
E2E Cucumber Report - Castaways-BigData,32,0,32,0
E2E Cucumber Report - Insurance-P0,0,0,0,0
E2E-JUnit-Report SanityCheck,0,0,0,0
